condition,note_id,candidate_notes,tags,summary,links,latency_seconds,tag_relevance_score,summary_faithfulness_score,link_quality_score,comments,error
single_agent,chromadb-vector-search.md,"[{""note_title"": ""rag-systems.md"", ""content_preview"": ""# RAG Systems\n\nRetrieval-augmented generation combines language models with external document retrieval. Instead of relying only on model memory, a retriever first finds relevant documents and gives them to the model as context.\n\nRAG is useful when the system needs accurate, up-to-date, or private information. It is often used in question-answering systems, note assistants, and knowledge-base search tools.\n"", ""distance"": 0.7556507587432861}, {""note_title"": ""obsidian-note-linking.md"", ""content_preview"": ""# Obsidian Note Linking\n\nObsidian stores notes as Markdown files and allows users to create links between related notes. These links can turn a collection of separate notes into a connected personal knowledge graph.\n\nAn AI note assistant can improve an Obsidian vault by suggesting tags, generating summaries, and recommending related notes. Good links should be meaningful, not just based on surface-level keyword overlap.\n"", ""distance"": 0.8945478796958923}, {""note_title"": ""llm-basics.md"", ""content_preview"": ""# LLM Basics\n\nLarge language models are neural networks trained to predict and generate text based on large-scale language data. They learn statistical patterns from text and can perform tasks such as answering questions, summarizing documents, writing code, and reasoning over provided context.\n\nModern LLMs are usually based on transformer architectures. Their performance depends on model size, training data quality, context length, and how well the prompt provides useful information.\n"", ""distance"": 0.992935061454773}]",[],,[],6.419,,,,,Expecting value: line 1 column 1 (char 0)
single_agent,multi-agent-systems.md,"[{""note_title"": ""llm-basics.md"", ""content_preview"": ""# LLM Basics\n\nLarge language models are neural networks trained to predict and generate text based on large-scale language data. They learn statistical patterns from text and can perform tasks such as answering questions, summarizing documents, writing code, and reasoning over provided context.\n\nModern LLMs are usually based on transformer architectures. Their performance depends on model size, training data quality, context length, and how well the prompt provides useful information.\n"", ""distance"": 0.642441987991333}, {""note_title"": ""rag-systems.md"", ""content_preview"": ""# RAG Systems\n\nRetrieval-augmented generation combines language models with external document retrieval. Instead of relying only on model memory, a retriever first finds relevant documents and gives them to the model as context.\n\nRAG is useful when the system needs accurate, up-to-date, or private information. It is often used in question-answering systems, note assistants, and knowledge-base search tools.\n"", ""distance"": 0.8763241767883301}, {""note_title"": ""example.md"", ""content_preview"": ""# Transformer Attention\n\nThe attention mechanism allows transformer models to focus on the most relevant tokens in a sequence. Self-attention compares each token with every other token and helps the model understand context. This idea is central to modern LLMs and many sequence modeling systems.\n"", ""distance"": 0.8889289498329163}]","[""multi-agent-systems"", ""llm-architecture"", ""modularity""]","Multi-agent LLM systems improve modularity by dividing complex tasks among specialized agents, such as those for tagging, summarizing, or retrieving notes. While this design facilitates easier inspection of each step, it also introduces potential challenges like increased latency, higher costs, and new failure modes caused by poor output passing between agents.","[{""note_title"": ""llm-basics.md"", ""justification"": ""This note provides the foundational context required to understand the individual agents mentioned in the main note.""}, {""note_title"": ""rag-systems.md"", ""justification"": ""This note describes a specific type of agent functionality (retrieving related notes) explicitly mentioned as an example in the main note.""}]",6.297,,,,,
single_agent,unrelated-hiking-note.md,"[{""note_title"": ""unrelated-finance-note.md"", ""content_preview"": ""# Personal Budgeting\n\nA monthly budget helps track income, expenses, savings, and discretionary spending. Common categories include rent, food, transportation, subscriptions, and emergency savings.\n\nBudgeting is useful because it makes spending patterns more visible. It can also help people plan for large purchases and avoid unnecessary debt.\n"", ""distance"": 1.074677586555481}, {""note_title"": ""obsidian-note-linking.md"", ""content_preview"": ""# Obsidian Note Linking\n\nObsidian stores notes as Markdown files and allows users to create links between related notes. These links can turn a collection of separate notes into a connected personal knowledge graph.\n\nAn AI note assistant can improve an Obsidian vault by suggesting tags, generating summaries, and recommending related notes. Good links should be meaningful, not just based on surface-level keyword overlap.\n"", ""distance"": 1.1932072639465332}, {""note_title"": ""unrelated-cooking-note.md"", ""content_preview"": ""# Pasta Cooking Notes\n\nA simple tomato pasta can be made with olive oil, garlic, canned tomatoes, salt, pepper, and basil. The sauce should simmer for at least twenty minutes so the flavors become richer.\n\nThe pasta should be cooked until al dente and then mixed directly into the sauce. Adding a small amount of pasta water helps the sauce stick to the noodles.\n"", ""distance"": 1.2357020378112793}]","[""outdoor-adventure"", ""safety-prep"", ""planning""]","This note outlines essential gear and preparation steps for a weekend hiking trip, emphasizing the importance of checking weather and trail difficulty. It also details key components of a comprehensive hiking plan, such as route mapping, duration estimates, and starting early to avoid crowds.","[{""note_title"": ""obsidian-note-linking.md"", ""justification"": ""This note explains the purpose and mechanics of linking related notes within Obsidian, which is relevant for organizing this hiking plan.""}]",4.829,,,,,
single_agent,obsidian-note-linking.md,"[{""note_title"": ""rag-systems.md"", ""content_preview"": ""# RAG Systems\n\nRetrieval-augmented generation combines language models with external document retrieval. Instead of relying only on model memory, a retriever first finds relevant documents and gives them to the model as context.\n\nRAG is useful when the system needs accurate, up-to-date, or private information. It is often used in question-answering systems, note assistants, and knowledge-base search tools.\n"", ""distance"": 0.851012110710144}, {""note_title"": ""chromadb-vector-search.md"", ""content_preview"": ""# ChromaDB Vector Search\n\nChromaDB is a vector database that stores text embeddings and supports similarity search. Each document is converted into a numerical vector, and related documents can be found by comparing vector distances.\n\nIn a note-taking system, ChromaDB can help find semantically related notes even when they do not share exact keywords. This makes it useful for building a linker agent that suggests connections between notes.\n"", ""distance"": 0.8945478796958923}, {""note_title"": ""multi-agent-systems.md"", ""content_preview"": ""# Multi-Agent LLM Systems\n\nMulti-agent LLM systems divide a complex task across multiple specialized agents. For example, one agent may generate tags, another may summarize text, and another may retrieve related notes.\n\nThis design can improve modularity and make each step easier to inspect. However, it can also introduce extra latency, higher cost, and new failure modes when agents pass poor outputs to each other.\n"", ""distance"": 0.9989941716194153}]","[""obsidian"", ""note-linking"", ""knowledge-graph""]","Obsidian enables the creation of a personal knowledge graph by linking Markdown notes together, transforming separate files into a connected system. An AI note assistant enhances this ecosystem by suggesting tags, generating summaries, and recommending meaningful connections rather than relying on surface-level keywords. To achieve these recommendations, the system might employ techniques like retrieval-augmented generation or vector search to identify semantically related content.","[{""note_title"": ""rag-systems.md"", ""justification"": ""RAG systems retrieve relevant documents to provide context, which helps a note assistant suggest meaningful connections beyond simple keyword matching.""}, {""note_title"": ""chromadb-vector-search.md"", ""justification"": ""Vector databases like ChromaDB find semantically related notes using embeddings, making them ideal for suggesting links where exact keywords do not overlap.""}, {""note_title"": ""multi-agent-systems.md"", ""justification"": ""Multi-agent architectures can delegate specific tasks like summarization and note retrieval to specialized agents, mirroring the functions an AI note assistant performs.""}]",8.239,,,,,
single_agent,example.md,"[{""note_title"": ""transformer-attention.md"", ""content_preview"": ""# Transformer Attention\n\nThe attention mechanism allows transformer models to focus on the most relevant tokens in a sequence. Self-attention compares each token with every other token and helps the model understand context across the full input.\n\nAttention is one of the main reasons transformers work well for language modeling. It helps the model connect related words, phrases, and concepts even when they are far apart in the text.\n"", ""distance"": 0.08772141486406326}, {""note_title"": ""llm-basics.md"", ""content_preview"": ""# LLM Basics\n\nLarge language models are neural networks trained to predict and generate text based on large-scale language data. They learn statistical patterns from text and can perform tasks such as answering questions, summarizing documents, writing code, and reasoning over provided context.\n\nModern LLMs are usually based on transformer architectures. Their performance depends on model size, training data quality, context length, and how well the prompt provides useful information.\n"", ""distance"": 0.6348347663879395}, {""note_title"": ""rag-systems.md"", ""content_preview"": ""# RAG Systems\n\nRetrieval-augmented generation combines language models with external document retrieval. Instead of relying only on model memory, a retriever first finds relevant documents and gives them to the model as context.\n\nRAG is useful when the system needs accurate, up-to-date, or private information. It is often used in question-answering systems, note assistants, and knowledge-base search tools.\n"", ""distance"": 0.8745306134223938}]","[""transformer-attention"", ""machine-learning"", ""natural-language-processing""]","This note explains the core concept of the attention mechanism, which enables transformer models to focus on relevant tokens within a sequence. By comparing each token to every other token, self-attention allows models to capture long-range dependencies and understand complex context. This mechanism is fundamental to the architecture of modern large language models.","[{""note_title"": ""transformer-attention.md"", ""justification"": ""This note provides an almost identical definition and context for the attention mechanism, reinforcing the core concepts mentioned in the input.""}, {""note_title"": ""llm-basics.md"", ""justification"": ""This note is relevant because it states that modern large language models are typically built upon transformer architectures that utilize attention.""}]",6.41,,,,,
single_agent,transformer-attention.md,"[{""note_title"": ""example.md"", ""content_preview"": ""# Transformer Attention\n\nThe attention mechanism allows transformer models to focus on the most relevant tokens in a sequence. Self-attention compares each token with every other token and helps the model understand context. This idea is central to modern LLMs and many sequence modeling systems.\n"", ""distance"": 0.08772141486406326}, {""note_title"": ""llm-basics.md"", ""content_preview"": ""# LLM Basics\n\nLarge language models are neural networks trained to predict and generate text based on large-scale language data. They learn statistical patterns from text and can perform tasks such as answering questions, summarizing documents, writing code, and reasoning over provided context.\n\nModern LLMs are usually based on transformer architectures. Their performance depends on model size, training data quality, context length, and how well the prompt provides useful information.\n"", ""distance"": 0.6555024981498718}, {""note_title"": ""rag-systems.md"", ""content_preview"": ""# RAG Systems\n\nRetrieval-augmented generation combines language models with external document retrieval. Instead of relying only on model memory, a retriever first finds relevant documents and gives them to the model as context.\n\nRAG is useful when the system needs accurate, up-to-date, or private information. It is often used in question-answering systems, note assistants, and knowledge-base search tools.\n"", ""distance"": 0.8533599972724915}]","[""transformers"", ""attention-mechanism"", ""llm-architecture""]","The attention mechanism enables transformer models to focus on relevant tokens and understand context across entire sequences, which is fundamental to their success in language modeling. This allows the model to connect distant words and concepts effectively.","[{""note_title"": ""example.md"", ""justification"": ""This note discusses the core concept of self-attention in transformer models, which directly aligns with the input's focus on the attention mechanism.""}, {""note_title"": ""llm-basics.md"", ""justification"": ""This note provides context by mentioning that modern LLMs are usually based on transformer architectures, where attention is a key component.""}]",6.002,,,,,
single_agent,unrelated-cooking-note.md,"[{""note_title"": ""unrelated-finance-note.md"", ""content_preview"": ""# Personal Budgeting\n\nA monthly budget helps track income, expenses, savings, and discretionary spending. Common categories include rent, food, transportation, subscriptions, and emergency savings.\n\nBudgeting is useful because it makes spending patterns more visible. It can also help people plan for large purchases and avoid unnecessary debt.\n"", ""distance"": 1.2351670265197754}, {""note_title"": ""unrelated-hiking-note.md"", ""content_preview"": ""# Weekend Hiking Plan\n\nFor a weekend hike, it is useful to bring water, snacks, sunscreen, comfortable shoes, and a light jacket. The trail difficulty and weather should be checked before leaving.\n\nA good hiking plan should include the route, estimated duration, parking location, and emergency contact information. Starting early helps avoid crowds and gives more daylight for the return trip.\n"", ""distance"": 1.2357020378112793}, {""note_title"": ""llm-basics.md"", ""content_preview"": ""# LLM Basics\n\nLarge language models are neural networks trained to predict and generate text based on large-scale language data. They learn statistical patterns from text and can perform tasks such as answering questions, summarizing documents, writing code, and reasoning over provided context.\n\nModern LLMs are usually based on transformer architectures. Their performance depends on model size, training data quality, context length, and how well the prompt provides useful information.\n"", ""distance"": 1.299992561340332}]","[""cooking"", ""pasta"", ""tomato-sauce""]","This note details how to make a simple tomato pasta using olive oil, garlic, and canned tomatoes. To achieve a rich flavor, the sauce must simmer for at least twenty minutes and be combined with al dente pasta and a splash of cooking water.",[],3.38,,,,,
single_agent,unrelated-finance-note.md,"[{""note_title"": ""unrelated-hiking-note.md"", ""content_preview"": ""# Weekend Hiking Plan\n\nFor a weekend hike, it is useful to bring water, snacks, sunscreen, comfortable shoes, and a light jacket. The trail difficulty and weather should be checked before leaving.\n\nA good hiking plan should include the route, estimated duration, parking location, and emergency contact information. Starting early helps avoid crowds and gives more daylight for the return trip.\n"", ""distance"": 1.074677586555481}, {""note_title"": ""obsidian-note-linking.md"", ""content_preview"": ""# Obsidian Note Linking\n\nObsidian stores notes as Markdown files and allows users to create links between related notes. These links can turn a collection of separate notes into a connected personal knowledge graph.\n\nAn AI note assistant can improve an Obsidian vault by suggesting tags, generating summaries, and recommending related notes. Good links should be meaningful, not just based on surface-level keyword overlap.\n"", ""distance"": 1.1653633117675781}, {""note_title"": ""transformer-attention.md"", ""content_preview"": ""# Transformer Attention\n\nThe attention mechanism allows transformer models to focus on the most relevant tokens in a sequence. Self-attention compares each token with every other token and helps the model understand context across the full input.\n\nAttention is one of the main reasons transformers work well for language modeling. It helps the model connect related words, phrases, and concepts even when they are far apart in the text.\n"", ""distance"": 1.1757831573486328}]","[""personal-finance"", ""budgeting"", ""financial-planning""]","Creating a monthly budget allows individuals to monitor their income, expenses, and savings while tracking spending patterns. This practice supports financial goals such as planning for large purchases and preventing unnecessary debt accumulation.","[{""note_title"": ""obsidian-note-linking.md"", ""justification"": ""This note discusses the general concept of linking related notes in Obsidian, which is relevant for organizing a note about budgeting within a personal knowledge system.""}]",4.585,,,,,
single_agent,llm-basics.md,"[{""note_title"": ""example.md"", ""content_preview"": ""# Transformer Attention\n\nThe attention mechanism allows transformer models to focus on the most relevant tokens in a sequence. Self-attention compares each token with every other token and helps the model understand context. This idea is central to modern LLMs and many sequence modeling systems.\n"", ""distance"": 0.6348347663879395}, {""note_title"": ""multi-agent-systems.md"", ""content_preview"": ""# Multi-Agent LLM Systems\n\nMulti-agent LLM systems divide a complex task across multiple specialized agents. For example, one agent may generate tags, another may summarize text, and another may retrieve related notes.\n\nThis design can improve modularity and make each step easier to inspect. However, it can also introduce extra latency, higher cost, and new failure modes when agents pass poor outputs to each other.\n"", ""distance"": 0.642441987991333}, {""note_title"": ""transformer-attention.md"", ""content_preview"": ""# Transformer Attention\n\nThe attention mechanism allows transformer models to focus on the most relevant tokens in a sequence. Self-attention compares each token with every other token and helps the model understand context across the full input.\n\nAttention is one of the main reasons transformers work well for language modeling. It helps the model connect related words, phrases, and concepts even when they are far apart in the text.\n"", ""distance"": 0.6555024981498718}]","[""llm-fundamentals"", ""transformer-architecture"", ""natural-language-processing""]","Large language models are neural networks that utilize statistical patterns to generate text and perform tasks like reasoning and code writing. Their performance is heavily influenced by factors such as model size and training data quality. The underlying architecture relies on transformers, which use attention mechanisms to process context effectively.","[{""note_title"": ""example.md"", ""justification"": ""This note discusses the attention mechanism, which is the core component of the transformer architectures mentioned in the main note.""}, {""note_title"": ""transformer-attention.md"", ""justification"": ""It provides a deeper explanation of self-attention and its importance in helping models understand context across large inputs, directly relating to the main note's mention of transformer architecture.""}]",6.433,,,,,
single_agent,rag-systems.md,"[{""note_title"": ""llm-basics.md"", ""content_preview"": ""# LLM Basics\n\nLarge language models are neural networks trained to predict and generate text based on large-scale language data. They learn statistical patterns from text and can perform tasks such as answering questions, summarizing documents, writing code, and reasoning over provided context.\n\nModern LLMs are usually based on transformer architectures. Their performance depends on model size, training data quality, context length, and how well the prompt provides useful information.\n"", ""distance"": 0.6716586351394653}, {""note_title"": ""chromadb-vector-search.md"", ""content_preview"": ""# ChromaDB Vector Search\n\nChromaDB is a vector database that stores text embeddings and supports similarity search. Each document is converted into a numerical vector, and related documents can be found by comparing vector distances.\n\nIn a note-taking system, ChromaDB can help find semantically related notes even when they do not share exact keywords. This makes it useful for building a linker agent that suggests connections between notes.\n"", ""distance"": 0.7556507587432861}, {""note_title"": ""obsidian-note-linking.md"", ""content_preview"": ""# Obsidian Note Linking\n\nObsidian stores notes as Markdown files and allows users to create links between related notes. These links can turn a collection of separate notes into a connected personal knowledge graph.\n\nAn AI note assistant can improve an Obsidian vault by suggesting tags, generating summaries, and recommending related notes. Good links should be meaningful, not just based on surface-level keyword overlap.\n"", ""distance"": 0.851012110710144}]","[""rag-systems"", ""vector-databases"", ""llm-applications""]","Retrieval-Augmented Generation (RAG) enhances large language models by incorporating relevant external documents into their context. This approach is essential for maintaining accuracy with private or up-to-date information, particularly in question-answering and knowledge-base tools.","[{""note_title"": ""llm-basics.md"", ""justification"": ""This note explains the foundational capabilities of large language models that RAG systems build upon by augmenting with retrieved context.""}, {""note_title"": ""chromadb-vector-search.md"", ""justification"": ""RAG systems rely on vector databases like ChromaDB to efficiently retrieve semantically similar documents based on their embeddings.""}, {""note_title"": ""obsidian-note-linking.md"", ""justification"": ""The applications mentioned in the RAG note, such as building note assistants and knowledge bases, directly align with the goals of AI-powered note linking and vault improvement.""}]",7.807,,,,,
